Journal,Task,Author,Year,Reaction,Stimuli,Process,ModePrimary,ModeSecondary,Molecule_base,MoleculeLit_ref,MoleculeLit_def,MoleculeLit_photo,Photoreaction,Crystal_ref,Crystal_def,SpaceGroup_ref,SpaceGroup_def,CrystalGeometry,CycleNumber,CCDC_ref,CCDC_def,ExpAngle,CalcAngle,LatticeImage,CrystalImage,ExperimentalInterface,Temp_ref,Temp_def,Wavelength_ref,Wavelength_def,Intensity_ref,Intensity_def,p,q,a_ref,a_def,a_ref_min,a_def_min,b_ref,b_def,b_ref_min,b_def_min,c_ref,c_def,c_ref_min,c_def_min,alpha_ref,alpha_def,alpha_ref_min,alpha_def_min,beta_ref,beta_def,beta_ref_min,beta_def_min,gamma_ref,gamma_def,gamma_ref_min,gamma_def_min,Volume_ref,Volume_def,Volume_ref_min,Volume_def_min,PhaseTransition,F_lit,F_min,detF_lit,detF_min,cofF_n1_lit,cofF_n2_lit,cofF_n3_lit,cofF_lambda_p_lit,cofF_lambda_n_lit,cofF_n1_min,cofF_n2_min,cofF_n3_min,cofF_lambda_p_min,cofF_lambda_n_min,strain_n1_lit,strain_n2_lit,strain_n3_lit,strain_lambda_p_lit,strain_lambda_n_lit,strain_n1_min,strain_n2_min,strain_n3_min,strain_lambda_p_min,strain_lambda_n_min,lambda_1_lit,lambda_2_lit,lambda_3_lit,lambda_1_min,lambda_2_min,lambda_3_min,PointGroupVariant,SpaceGroupVariant,AnalyticalAngle,DeltaAngle,ShearInvariant,ShearMax,InterfaceHydrostaticStrain,YoungsModulus,AreaMoment_Bend,AreaMoment_Twist
https://doi.org/10.1038/s42004-019-0121-8,Twist (Thermoinduced),Taniguchi,2019,Thermo-induced,Thermal,Reversible,Twist,,Salicylideneamine,enol-(S)-1-($\beta$),enol-(S)-1-($\gamma$),trans-keto-(S)-1,Enol-Keto,triclinic,monoclinic,P1,P21,,,1879559,1879558,"[0,0,1]",,2,0,1,293,333,365,488,60,10,2,2,6.233,6.266,,,9.9318,9.927,,,19.711,19.742,,,85.466,90,,,86.216,96.276,,,88.759,90,,,1213.6,1220.7,,,1,"[[ 1.0052944   0.          0.        ]
 [-0.02177762  0.9997512   0.        ]
 [-0.17505511 -0.07802647  1.00078041]]",,1.005828633,,1.005044288,1.009132104,1.034935572,1.089009931,1.00015416,,,,,,0.000780409,0.002791404,0.001589561,-0.010582848,-0.010582848,,,,,,0.822466617,1.017462166,1.208958634,,,,1,,,3.546351137,0.000676455,0.032424018,0.016479211,,,
https://doi.org/10.1038/s42004-019-0121-8,"Twist (Phototriggered, 4072x940x36um)",Taniguchi,2019,Photo-triggered,Strain+Thermal,Reversible,Twist,,Salicylideneamine,enol-(S)-1-($\beta$),enol-(S)-1-($\gamma$)-UV,trans-keto-(S)-1,Enol-Keto,triclinic,monoclinic,P1,P21,4072umx940umx36um,,1879565,1879566,"[0,0,1]",,1,1,1,223,223,365,488,60,10,2,2,6.1748,6.1899,,,9.9126,9.8715,,,19.602,19.7418,,,84.484,90,,,86.208,96.946,,,88.252,90,,,1191.28,1197.44,,,1,"[[ 1.00244542  0.          0.        ]
 [-0.03059245  0.99631739  0.        ]
 [-0.18645097 -0.09443078  1.00642596]]",,1.005171763,,0.99875381,1.01331832,1.042387689,1.096437804,1.000175581,,,,,,0.006425962,0.000782453,-0.002433769,-0.013298951,-0.013298951,,,,,,0.805927343,1.01982564,1.229302439,,,,1,,,3.211041731,0.000933604,0.036870329,0.018587421,,,
https://doi.org/10.1038/s42004-019-0121-8,"Twist (Phototriggered,4663x2242x34um)",Taniguchi,2019,Photo-triggered,Strain+Thermal,Reversible,Twist,,Salicylideneamine,enol-(S)-1-($\beta$),enol-(S)-1-($\gamma$)-UV,trans-keto-(S)-1,Enol-Keto,triclinic,monoclinic,P1,P21,4663umx2242umx34um,,1879565,1879566,"[0,0,1]",,1,2,1,223,223,365,488,60,10,2,2,6.1748,6.1899,,,9.9126,9.8715,,,19.602,19.7418,,,84.484,90,,,86.208,96.946,,,88.252,90,,,1191.28,1197.44,,,1,"[[ 1.00244542  0.          0.        ]
 [-0.03059245  0.99631739  0.        ]
 [-0.18645097 -0.09443078  1.00642596]]",,1.005171763,,0.99875381,1.01331832,1.042387689,1.096437804,1.000175581,,,,,,0.006425962,0.000782453,-0.002433769,-0.013298951,-0.013298951,,,,,,0.805927343,1.01982564,1.229302439,,,,1,,,3.211041731,0.000933604,0.036870329,0.018587421,,,
https://doi.org/10.1038/s42004-019-0121-8,"Shear (Phototriggered, 2021x1235x737um)",Taniguchi,2019,Photo-triggered,Strain+Thermal,Reversible,Shear,,Salicylideneamine,enol-(S)-1-($\beta$),enol-(S)-1-($\gamma$)-UV,trans-keto-(S)-1,Enol-Keto,triclinic,monoclinic,P1,P21,2010umx1235umx737um,,1879565,1879566,"[0,0,1]",,1,3,1,223,223,365,488,60,10,2,2,6.1748,6.1899,,,9.9126,9.8715,,,19.602,19.7418,,,84.484,90,,,86.208,96.946,,,88.252,90,,,1191.28,1197.44,,,1,"[[ 1.00244542  0.          0.        ]
 [-0.03059245  0.99631739  0.        ]
 [-0.18645097 -0.09443078  1.00642596]]",,1.005171763,,0.99875381,1.01331832,1.042387689,1.096437804,1.000175581,,,,,,0.006425962,0.000782453,-0.002433769,-0.013298951,-0.013298951,,,,,,0.805927343,1.01982564,1.229302439,,,,1,,,3.211041731,0.000933604,0.036870329,0.018587421,,,
https://doi.org/10.1038/s42004-019-0121-8,"Crack (Phototriggered, 3055x1552x273um)",Taniguchi,2019,Photo-triggered,Strain+Thermal,Reversible,Crack,,Salicylideneamine,enol-(S)-1-($\beta$),enol-(S)-1-($\gamma$)-UV,trans-keto-(S)-1,Enol-Keto,triclinic,monoclinic,P1,P21,3055umx1552umx273um,,1879565,1879566,"[0,0,1]",,1,4,1,223,223,365,488,60,10,2,2,6.1748,6.1899,,,9.9126,9.8715,,,19.602,19.7418,,,84.484,90,,,86.208,96.946,,,88.252,90,,,1191.28,1197.44,,,1,"[[ 1.00244542  0.          0.        ]
 [-0.03059245  0.99631739  0.        ]
 [-0.18645097 -0.09443078  1.00642596]]",,1.005171763,,0.99875381,1.01331832,1.042387689,1.096437804,1.000175581,,,,,,0.006425962,0.000782453,-0.002433769,-0.013298951,-0.013298951,,,,,,0.805927343,1.01982564,1.229302439,,,,1,,,3.211041731,0.000933604,0.036870329,0.018587421,,,
https://doi.org/10.1038/s42004-019-0121-8,Thermo vs Photo,Taniguchi,2019,Photo-triggered,Strain+Thermal,Idle,Idle,,Salicylideneamine,enol-(S)-1-($\gamma$),enol-(S)-1-($\gamma$)-UV,trans-keto-(S)-1,Enol-Keto,monoclinic,monoclinic,P21,P21,,,1879567,1879568,"[0,0,1]",,3,0,1,323,323,365,488,60,10,2,2,6.27,6.28,,,9.9262,9.898,,,19.747,19.713,,,90,90,,,96.206,96.12,,,90,90,,,1221.8,1218.4,,,1,"[[ 1.00159490e+00  0.00000000e+00  0.00000000e+00]
 [-2.71618251e-19  9.97159034e-01  0.00000000e+00]
 [ 1.85917835e-03 -1.53715308e-20  9.98440032e-01]]",,0.997191382,,0.998749399,1.00003244,0.995443863,1.002314782,1.000026237,,,,,,-0.001559968,-0.002840966,0.001757246,-0.000504305,-0.000504305,,,,,,0.994326138,0.996377152,1.003701138,,,,1,,,83.64810212,-8.73E-08,0.001428928,-0.002296571,,,
https://doi.org/10.1021/ja105356w,Bend (3.1mmx0.5 mmx20um),Morimoto,2010,Photo-induced,Thermal,Reversible,Bend,,Diarylethene,1o*FN,1o*FN-UV-UV,1c*FN,Open-Close,monoclinic,monoclinic,C2,C2,3.1mmx0.5mmx20um,250+,752031,752032,"[1,0,0]",,1,1,0,93,93,365,440,,30,2,2,37.113,37.055,37.113,37.055,8.4961,8.5204,8.4961,8.5204,7.3282,7.3284,7.3282,7.3284,90,90,90,90,95.987,95.687,95.987,95.687,90,90,90,90,2298.1,2302.4,,,0,"[[ 9.98437205e-01  0.00000000e+00  0.00000000e+00]
 [ 2.70826386e-19  1.00286014e+00  0.00000000e+00]
 [ 5.07078429e-03 -5.13311849e-19  1.00056272e+00]]",,1.001856318,,1.001292871,0.998999045,1.00291581,1.003044797,1.000002904,,,,,,0.00056272,0.002860136,-0.001028218,-0.000206888,-0.000206888,,,,,,0.99351865,1.004509671,1.005728452,,,,1,,,53.83857391,4.09E-07,4.21E-05,0.002078962,,,
https://doi.org/10.1021/ja105356w,Bend (1.7mmx0.2mmx10um),Morimoto,2010,Photo-induced,Thermal,Reversible,Bend,,Diarylethene,1o*FN,1o*FN-UV-UV,1c*FN,Open-Close,monoclinic,monoclinic,C2,C2,1.7mmx0.2mmx10um,250+,752031,752032,"[1,0,0]",,1,2,0,93,93,365,440,,30,2,2,37.113,37.055,37.113,37.055,8.4961,8.5204,8.4961,8.5204,7.3282,7.3284,7.3282,7.3284,90,90,90,90,95.987,95.687,95.987,95.687,90,90,90,90,2298.1,2302.4,,,0,"[[ 9.98437205e-01  0.00000000e+00  0.00000000e+00]
 [ 2.70826386e-19  1.00286014e+00  0.00000000e+00]
 [ 5.07078429e-03 -5.13311849e-19  1.00056272e+00]]",,1.001856318,,1.001292871,0.998999045,1.00291581,1.003044797,1.000002904,,,,,,0.00056272,0.002860136,-0.001028218,-0.000206888,-0.000206888,,,,,,0.99351865,1.004509671,1.005728452,,,,1,,,53.83857391,4.09E-07,4.21E-05,0.002078962,,,
https://doi.org/10.1021/ja105356w,Bend (3.5mmx0.4mmx30um),Morimoto,2010,Photo-induced,Thermal,Reversible,Bend,,Diarylethene,1o*FN,1o*FN-UV-UV,1c*FN,Open-Close,monoclinic,monoclinic,C2,C2,3.5mmx0.4mmx30um,250+,752031,752032,"[1,0,0]",,1,3,0,93,93,365,440,,30,2,2,37.113,37.055,37.113,37.055,8.4961,8.5204,8.4961,8.5204,7.3282,7.3284,7.3282,7.3284,90,90,90,90,95.987,95.687,95.987,95.687,90,90,90,90,2298.1,2302.4,,,0,"[[ 9.98437205e-01  0.00000000e+00  0.00000000e+00]
 [ 2.70826386e-19  1.00286014e+00  0.00000000e+00]
 [ 5.07078429e-03 -5.13311849e-19  1.00056272e+00]]",,1.001856318,,1.001292871,0.998999045,1.00291581,1.003044797,1.000002904,,,,,,0.00056272,0.002860136,-0.001028218,-0.000206888,-0.000206888,,,,,,0.99351865,1.004509671,1.005728452,,,,1,,,53.83857391,4.09E-07,4.21E-05,0.002078962,,,
https://doi.org/10.1021/ja105356w,Bend (0.9mmx0.4mmx30um),Morimoto,2010,Photo-induced,Thermal,Reversible,Bend,,Diarylethene,1o*FN,1o*FN-UV-UV,1c*FN,Open-Close,monoclinic,monoclinic,C2,C2,0.9mmx0.4mmx30um,250+,752031,752032,"[1,0,0]",,1,4,0,93,93,365,440,,30,2,2,37.113,37.055,37.113,37.055,8.4961,8.5204,8.4961,8.5204,7.3282,7.3284,7.3282,7.3284,90,90,90,90,95.987,95.687,95.987,95.687,90,90,90,90,2298.1,2302.4,,,0,"[[ 9.98437205e-01  0.00000000e+00  0.00000000e+00]
 [ 2.70826386e-19  1.00286014e+00  0.00000000e+00]
 [ 5.07078429e-03 -5.13311849e-19  1.00056272e+00]]",,1.001856318,,1.001292871,0.998999045,1.00291581,1.003044797,1.000002904,,,,,,0.00056272,0.002860136,-0.001028218,-0.000206888,-0.000206888,,,,,,0.99351865,1.004509671,1.005728452,,,,1,,,53.83857391,4.09E-07,4.21E-05,0.002078962,,,
https://doi.org/10.1039/B9PP00093C,"Transform (Photoinduced, 3a to 3a')",Kuroki,2010,Photo-induced,Thermal,Reversible,Shear,,Diarylethene,3a,3a',3b,Open-Close,orthorhombic,orthorhombic,Pbcn,Pbcn,,,713392,713393,"[0,0,1]",,1,0,0,123,123,365,,20,,4,4,21.5461,21.586,21.5461,21.586,10.8096,10.8692,10.8096,10.8692,10.8098,10.7268,10.8098,10.7268,90,90,90,90,90,90,90,90,90,90,90,90,2517.7,2516.7,,,0,"[[ 1.00185184e+00  0.00000000e+00  0.00000000e+00]
 [ 2.24219007e-19  1.00551362e+00  0.00000000e+00]
 [-5.83547945e-19 -8.07766952e-19  9.92321782e-01]]",,0.999640821,,1.007375671,0.994159406,0.997793065,1.00652345,1.000042901,,,,,,-0.007678218,0.005513618,0.001851843,-0.001147628,-0.001147628,,,,,,0.984702519,1.003707116,1.011057635,,,,1,,,44.62167779,-1.84E-06,0.00142413,0.000858856,,,
https://doi.org/10.1039/B9PP00093C,"Transform (Photoinduced, 3a' to 3b)",Kuroki,2010,Photo-induced,Thermal,Reversible,Shear,,Diarylethene,3a',3b,3b,Open-Close,orthorhombic,orthorhombic,Pbcn,Pbcn,,,713393,713394,"[0,0,1]",,2,0,0,123,123,365,,20,,4,4,21.586,9.5508,,,10.8692,19.4249,,,10.7268,13.5268,,,90,90,,,90,95.743,,,90,90,,,2516.7,2469.9,,,0,"[[ 4.42453442e-01  0.00000000e+00  0.00000000e+00]
 [ 8.23389687e-17  1.78715085e+00  0.00000000e+00]
 [-1.26186707e-01 -2.44889981e-17  1.25469904e+00]]",,0.992129479,,,,,,,,,,,,,,,,,,,,,,0.193533163,1.592424642,3.193908154,,,,,,,83.64898079,0.277198655,0.336616464,1.254355457,,,
https://doi.org/10.1039/B9PP00093C,"Transform (Photoinduced, 1a to 1a')",Kuroki,2010,Photo-induced,Thermal,Reversible,Shear,,Diarylethene,1a,1a',1b,Open-Close,orthorhombic,orthorhombic,Pbcn,Pbcn,,,713390,713391,"[0,0,1]",,3,0,0,123,123,365,,20,,4,4,22.239,22.3,22.239,22.3,10.971,11.026,10.971,11.026,10.585,10.542,10.585,10.542,90,90,90,90,90,90,90,90,90,90,90,90,2594.1,2593,,,0,"[[ 1.00274293e+00  0.00000000e+00  0.00000000e+00]
 [ 1.39015021e-19  1.00501322e+00  0.00000000e+00]
 [-4.16703309e-19 -5.55718329e-19  9.95937648e-01]]",,1.00367598,,,,,,,,,,,,,,,,,,,,,,0.991891798,1.005493382,1.010051566,,,,,,,44.74012943,1.42E-06,0.001114981,0.003263419,,,
https://doi.org/10.1038/nature05669,"Transform (Photoinduced, 1o to 1c)",Kobatake,2007,Photo-induced,Thermal,Reversible,Shear,,Diarylethene,1o,1c,1c,Open-Close,orthorhombic,orthorhombic,Pbcn,Pbcn,15umx15umx570nm,,,629166,"[1,0,0]",,,1,0,123,123,365,500,60,,4,4,22.332,22.298,,,10.991,11.04,,,10.601,10.592,,,90,90,,,90,90,,,90,90,,,2602,2607.4,,,0,"[[ 9.98477521e-01  0.00000000e+00  0.00000000e+00]
 [ 3.66210542e-19  1.00445819e+00  0.00000000e+00]
 [ 4.12401305e-20 -3.24970412e-19  9.99151023e-01]]",,1.002077464,,1.002928927,0.997629837,1.003605432,1.002796948,1.00019374,,,,,,-0.000848977,0.004458193,-0.001522479,0.001454464,0.001454464,,,,,,0.99695736,0.998302768,1.008936262,,,,1,,,44.828918,-1.26E-06,0.001167717,0.000638202,,,
https://doi.org/10.1038/nature05669,"Transform (Photoinduced, 2o to 2c)",Kobatake,2007,Photo-induced,Thermal,Reversible,Shear,,Diarylethene,2o,2c',2c,Open-Close,monoclinic,monoclinic,P21/n,P21/n,20umx10umx330nm,,282860,629167,"[1,0,0]",,2,2,0,123,123,365,500,60,,4,4,7.236,7.2186,7.236,7.2186,25.752,25.8828,25.752,25.8828,12.611,12.6402,12.611,12.6402,90,90,90,90,102.432,102.355,102.432,102.355,90,90,90,90,2295,2307,,,No,"[[ 9.97595357e-01  0.00000000e+00  0.00000000e+00]
 [ 4.58254296e-19  1.00507922e+00  0.00000000e+00]
 [ 3.06673005e-04 -2.93096410e-19  1.00261148e+00]]",,1.005280796,,1.00266236,1.00020056,1.007409625,1.00361815,1.000124351,,,,,,0.002611483,0.005079217,-0.002109994,0.00131395,0.00131395,,,,,,0.995187176,1.0052392,1.010184233,,,,1,,,44.81278695,3.56E-06,0.00082864,0.003983475,,,
https://doi.org/10.1038/nature05669,"Bend (Photoinduced, 2o to 2c, 225x37.5x35um)",Kobatake,2007,Photo-induced,Thermal,Reversible,Bend,,Diarylethene,2o,2c',2c,Open-Close,monoclinic,monoclinic,P21/n,P21/n,225umx37.5umx35um,80+,282860,629167,"[1,0,0]",,1,3,0,123,123,365,500,60,,4,4,7.236,7.2186,7.236,7.2186,25.752,25.8828,25.752,25.8828,12.611,12.6402,12.611,12.6402,90,90,90,90,102.432,102.355,102.432,102.355,90,90,90,90,2295,2307,,,No,"[[ 9.97595357e-01  0.00000000e+00  0.00000000e+00]
 [ 4.58254296e-19  1.00507922e+00  0.00000000e+00]
 [ 3.06673005e-04 -2.93096410e-19  1.00261148e+00]]",,1.005280796,,1.00266236,1.00020056,1.007409625,1.00361815,1.000124351,,,,,,0.002611483,0.005079217,-0.002109994,0.00131395,0.00131395,,,,,,0.995187176,1.0052392,1.010184233,,,,1,,,44.81278695,3.56E-06,0.00082864,0.003983475,,,
https://doi.org/10.1038/nature05669,"Bend (Photoinduced, 2o to 2c, 225x37.5x35um)",Kobatake,2007,Photo-induced,Thermal,Reversible,Bend,,Diarylethene,2c',2c,2c,Open-Close,monoclinic,monoclinic,P21/n,P21/c,225umx37.5umx35um,80+,629167,622801,"[1,0,0]",,2,3,0,123,123,365,500,60,,4,4,7.2186,11.8283,,,25.8828,18.2383,,,12.6402,11.8745,,,90,90,,,102.355,118.576,,,90,90,,,2307,2249.61,,,,"[[ 1.63858643e+00  0.00000000e+00  0.00000000e+00]
 [-5.71871485e-17  7.04649420e-01  0.00000000e+00]
 [-1.01084506e-01  3.34325619e-17  8.44545206e-01]]",,0.975136367,,,,,,,,,,,,,,,,,,,,,,0.496530805,0.709586117,2.698854052,,,,,,,66.806881,-0.135093261,0.465346241,0.475428696,,,
https://doi.org/10.1038/nature05669,"Bend (Photoinduced, 2o to 2c, 53x3x3um)",Kobatake,2007,Photo-induced,Thermal,Reversible,Bend,,Diarylethene,2o,2c',2c,Open-Close,monoclinic,monoclinic,P21/n,P21/n,53umx3umx3um,80+,282860,629167,"[1,0,0]",,1,4,0,123,123,365,500,60,,4,4,7.236,7.2186,7.236,7.2186,25.752,25.8828,25.752,25.8828,12.611,12.6402,12.611,12.6402,90,90,90,90,102.432,102.355,102.432,102.355,90,90,90,90,2295,2307,,,No,"[[ 9.97595357e-01  0.00000000e+00  0.00000000e+00]
 [ 4.58254296e-19  1.00507922e+00  0.00000000e+00]
 [ 3.06673005e-04 -2.93096410e-19  1.00261148e+00]]",,1.005280796,,1.00266236,1.00020056,1.007409625,1.00361815,1.000124351,,,,,,0.002611483,0.005079217,-0.002109994,0.00131395,0.00131395,,,,,,0.995187176,1.0052392,1.010184233,,,,1,,,44.81278695,3.56E-06,0.00082864,0.003983475,,,
https://doi.org/10.1038/nature05669,"Bend (Photoinduced, 2o to 2c, 53x3x3um)",Kobatake,2007,Photo-induced,Thermal,Reversible,Bend,,Diarylethene,2c',2c,2c,Open-Close,monoclinic,monoclinic,P21/n,P21/c,53umx3umx3um,80+,629167,622801,"[1,0,0]",,2,4,0,123,123,365,500,60,,4,4,7.2186,11.8283,,,25.8828,18.2383,,,12.6402,11.8745,,,90,90,,,102.355,118.576,,,90,90,,,2307,2249.61,,,,"[[ 1.63858643e+00  0.00000000e+00  0.00000000e+00]
 [-5.71871485e-17  7.04649420e-01  0.00000000e+00]
 [-1.01084506e-01  3.34325619e-17  8.44545206e-01]]",,0.975136367,,,,,,,,,,,,,,,,,,,,,,0.496530805,0.709586117,2.698854052,,,,,,,66.806881,-0.135093261,0.465346241,0.475428696,,,
https://doi.org/10.1038/nature05669,"Bend (Photoinduced, 2o to 2c, 250x35x35um)",Kobatake,2007,Photo-induced,Thermal,Reversible,Bend,,Diarylethene,2o,2c',2c,Open-Close,monoclinic,monoclinic,P21/n,P21/n,250umx35umx35um,80+,282860,629167,"[1,0,0]",,1,5,0,123,123,365,500,60,,4,4,7.236,7.2186,7.236,7.2186,25.752,25.8828,25.752,25.8828,12.611,12.6402,12.611,12.6402,90,90,90,90,102.432,102.355,102.432,102.355,90,90,90,90,2295,2307,,,No,"[[ 9.97595357e-01  0.00000000e+00  0.00000000e+00]
 [ 4.58254296e-19  1.00507922e+00  0.00000000e+00]
 [ 3.06673005e-04 -2.93096410e-19  1.00261148e+00]]",,1.005280796,,1.00266236,1.00020056,1.007409625,1.00361815,1.000124351,,,,,,0.002611483,0.005079217,-0.002109994,0.00131395,0.00131395,,,,,,0.995187176,1.0052392,1.010184233,,,,1,,,44.81278695,3.56E-06,0.00082864,0.003983475,,,
https://doi.org/10.1038/nature05669,"Bend (Photoinduced, 2o to 2c, 250x35x35um)",Kobatake,2007,Photo-induced,Thermal,Reversible,Bend,,Diarylethene,2c',2c,2c,Open-Close,monoclinic,monoclinic,P21/n,P21/c,250umx35umx35um,80+,629167,622801,"[1,0,0]",,2,5,0,123,123,365,500,60,,4,4,7.2186,11.8283,,,25.8828,18.2383,,,12.6402,11.8745,,,90,90,,,102.355,118.576,,,90,90,,,2307,2249.61,,,,"[[ 1.63858643e+00  0.00000000e+00  0.00000000e+00]
 [-5.71871485e-17  7.04649420e-01  0.00000000e+00]
 [-1.01084506e-01  3.34325619e-17  8.44545206e-01]]",,0.975136367,,,,,,,,,,,,,,,,,,,,,,0.496530805,0.709586117,2.698854052,,,,,,,66.806881,-0.135093261,0.465346241,0.475428696,,,
https://doi.org/10.1002/anie.201105585,"Bend (Photoinduced, 1.3mmx25umx13um)",Terao,2012,Photoinduced,Thermal,Reversible,Bend,,Diarylethene,1a:2a (63:37),1a:2a (63:37) UV,1b:2b (63:37),Open-Close,orthorhombic,orthorhombic,Pbcn,Pbcn,1.3mmx25umx13um,1000+,770599,770602,"[1,0,0]",,1,1,0,173,173,365,500,30,30 (mJ/pulse),8,8,14.704,14.7377,,,14.0747,14.0573,,,24.1065,24.1282,,,90,90,,,90,90,,,90,90,,,4988.9,4998.7,,,No,"[[ 1.00229189e+00  0.00000000e+00  0.00000000e+00]
 [-2.16037136e-19  9.98763739e-01  0.00000000e+00]
 [-8.52183462e-20  1.30818789e-19  1.00090017e+00]]",,1.001953919,,1.001052799,1.003194129,0.999662798,1.001722852,1.000040649,,,,,,0.000900172,-0.001236261,0.002291893,0.000523151,0.000523151,,,,,,0.997529007,1.001801155,1.004589039,,,,1,,,45.10102075,4.81E-07,0.000183199,0.001434757,,,
https://doi.org/10.1002/anie.201105585,"Bend (Photoinduced, 1.3mmx40umx15um)",Terao,2012,Photoinduced,Thermal,Reversible,Bend,,Diarylethene,1a:2a (63:37),1a:2a (63:37) UV,1b:2b (63:37),Open-Close,orthorhombic,orthorhombic,Pbcn,Pbcn,1.3mmx40umx15um,1000+,770599,770602,"[1,0,0]",,1,2,0,173,173,365,500,30,30 (mJ/pulse),8,8,14.704,14.7377,,,14.0747,14.0573,,,24.1065,24.1282,,,90,90,,,90,90,,,90,90,,,4988.9,4998.7,,,No,"[[ 1.00229189e+00  0.00000000e+00  0.00000000e+00]
 [-2.16037136e-19  9.98763739e-01  0.00000000e+00]
 [-8.52183462e-20  1.30818789e-19  1.00090017e+00]]",,1.001953919,,1.001052799,1.003194129,0.999662798,1.001722852,1.000040649,,,,,,0.000900172,-0.001236261,0.002291893,0.000523151,0.000523151,,,,,,0.997529007,1.001801155,1.004589039,,,,1,,,45.10102075,4.81E-07,0.000183199,0.001434757,,,
https://doi.org/10.1002/anie.201105585,"Bend (Photoinduced, 1.5mmx20umx10um)",Terao,2012,Photoinduced,Thermal,Reversible,Bend,,Diarylethene,1a:2a (63:37),1a:2a (63:37) UV,1b:2b (63:37),Open-Close,orthorhombic,orthorhombic,Pbcn,Pbcn,1.5mmx20umx10um,1000+,770599,770602,"[1,0,0]",,1,3,0,173,173,365,500,30,30 (mJ/pulse),8,8,14.704,14.7377,,,14.0747,14.0573,,,24.1065,24.1282,,,90,90,,,90,90,,,90,90,,,4988.9,4998.7,,,No,"[[ 1.00229189e+00  0.00000000e+00  0.00000000e+00]
 [-2.16037136e-19  9.98763739e-01  0.00000000e+00]
 [-8.52183462e-20  1.30818789e-19  1.00090017e+00]]",,1.001953919,,1.001052799,1.003194129,0.999662798,1.001722852,1.000040649,,,,,,0.000900172,-0.001236261,0.002291893,0.000523151,0.000523151,,,,,,0.997529007,1.001801155,1.004589039,,,,1,,,45.10102075,4.81E-07,0.000183199,0.001434757,,,
https://doi.org/10.1002/anie.201105585,"Bend (Photoinduced, 1.3mmx60umx12um)",Terao,2012,Photoinduced,Thermal,Reversible,Bend,,Diarylethene,1a:2a (63:37),1a:2a (63:37) UV,1b:2b (63:37),Open-Close,orthorhombic,orthorhombic,Pbcn,Pbcn,1.3mmx60umx12um,1000+,770599,770602,"[1,0,0]",,1,4,0,173,173,365,500,30,30 (mJ/pulse),8,8,14.704,14.7377,,,14.0747,14.0573,,,24.1065,24.1282,,,90,90,,,90,90,,,90,90,,,4988.9,4998.7,,,No,"[[ 1.00229189e+00  0.00000000e+00  0.00000000e+00]
 [-2.16037136e-19  9.98763739e-01  0.00000000e+00]
 [-8.52183462e-20  1.30818789e-19  1.00090017e+00]]",,1.001953919,,1.001052799,1.003194129,0.999662798,1.001722852,1.000040649,,,,,,0.000900172,-0.001236261,0.002291893,0.000523151,0.000523151,,,,,,0.997529007,1.001801155,1.004589039,,,,1,,,45.10102075,4.81E-07,0.000183199,0.001434757,,,
https://doi.org/10.1002/anie.201105585,"Bend (Photoinduced, 100mx10mx10um)",Terao,2012,Photoinduced,Thermal,Reversible,Bend,,Diarylethene,1a:2a (63:37),1a:2a (63:37) UV,1b:2b (63:37),Open-Close,orthorhombic,orthorhombic,Pbcn,Pbcn,100umx10umx10um,1000+,770599,770602,"[1,0,0]",,1,5,0,173,173,365,500,30,30 (mJ/pulse),8,8,14.704,14.7377,,,14.0747,14.0573,,,24.1065,24.1282,,,90,90,,,90,90,,,90,90,,,4988.9,4998.7,,,No,"[[ 1.00229189e+00  0.00000000e+00  0.00000000e+00]
 [-2.16037136e-19  9.98763739e-01  0.00000000e+00]
 [-8.52183462e-20  1.30818789e-19  1.00090017e+00]]",,1.001953919,,1.001052799,1.003194129,0.999662798,1.001722852,1.000040649,,,,,,0.000900172,-0.001236261,0.002291893,0.000523151,0.000523151,,,,,,0.997529007,1.001801155,1.004589039,,,,1,,,45.10102075,4.81E-07,0.000183199,0.001434757,,,
https://doi.org/10.1039/D0TC00007H,"Bend (Photoinduced, 8767umx219umx238um)",Hagiwara,2020,Photoinduced,Thermal,Reversible,Bend,,Salicylideneamine,enol-1-beta,enol-1-gamma-UV,trans-keto-1,Enol-Keto,monoclinic,monoclinic,P21/n,P21/n,8767umx219umx238um,,1959798,,"[0,1,-1]",,,1,0,293,293,365,488,60,5,8,8,11.996,11.998,11.996,11.998,20.749,20.76,20.749,20.76,19.744,19.742,19.744,19.742,89.97,90.03,89.97,90.03,103.08,103.07,103.08,103.07,90,89.95,90,89.95,4786,4790,,,No,"[[ 1.00016672e+00  0.00000000e+00  0.00000000e+00]
 [ 8.73127155e-04  1.00052977e+00  0.00000000e+00]
 [ 2.36320794e-04 -8.72739808e-04  9.99939303e-01]]",,1.000635836,,1.000696576,1.000106688,1.000429351,1.000675666,1.000019204,,,,,,-6.07E-05,0.000529853,0.000206971,0.000226871,0.000226871,,,,,,0.999065526,1.000362021,1.001845926,,,,1,,,59.30533754,3.29E-08,6.37E-05,0.000409424,,,
https://doi.org/10.1039/D0TC00007H,"Bend (Thermoinduced, 5938umx281umx200um)",Hagiwara,2020,Thermo-induced,Thermal,Reversible,Bend,,Salicylideneamine,enol-1-beta,enol-1-gamma,trans-keto-1,Enol-Keto,monoclinic,monoclinic,P21/n,P21/n,5938umx281umx200um,,1959795,1959796,"[0,1,-1]",,1,2,0,283,293,,,,,8,8,11.9551,11.958,11.9551,11.958,20.612,20.6959,20.612,20.6959,19.666,19.6827,19.666,19.6827,90,90,90,90,102.907,103.024,102.907,103.024,90,90,90,90,4723.6,4745.8,,,,"[[ 1.00024257e+00  0.00000000e+00  0.00000000e+00]
 [ 2.34389443e-19  1.00407044e+00  0.00000000e+00]
 [-2.18229923e-03 -1.22443477e-19  1.00037875e+00]]",,1.004694386,,,,,,,,,,,,,,,,,,,,,,0.998436579,1.002811027,1.008157457,,,,,,,74.73953764,2.74E-06,0.000347561,0.003062552,,,
https://doi.org/10.1039/D0TC00007H,"Bend (Photoinduced, 441umx4.3umx5.4um)",Hagiwara,2020,Photoinduced,Thermal,Reversible,Bend,,Salicylideneamine,enol-1-beta,enol-1-gamma-UV,trans-keto-1,Enol-Keto,monoclinic,monoclinic,P21/n,P21/n,441umx4.3umx5.4um,,1959798,,"[0,1,-1]",,,3,0,293,293,365,488,60,5,8,8,11.996,11.998,11.996,11.998,20.749,20.76,20.749,20.76,19.744,19.742,19.744,19.742,89.97,90.03,89.97,90.03,103.08,103.07,103.08,103.07,90,89.95,90,89.95,4786,4790,,,No,"[[ 1.00016672e+00  0.00000000e+00  0.00000000e+00]
 [ 8.73127155e-04  1.00052977e+00  0.00000000e+00]
 [ 2.36320794e-04 -8.72739808e-04  9.99939303e-01]]",,1.000635836,,1.000696576,1.000106688,1.000429351,1.000675666,1.000019204,,,,,,-6.07E-05,0.000529853,0.000206971,0.000226871,0.000226871,,,,,,0.999065526,1.000362021,1.001845926,,,,1,,,59.30533754,3.29E-08,6.37E-05,0.000409424,,,
https://doi.org/10.1002/chem.202401590,"Twist (Photo-triggered, 2497x668x59um)",Hagiwara,2024,Photo-triggered,Strain+Thermal,Reversible,Twist,,Salicylidenephenylethylamine,enol-(S)-1-($\alpha$),enol-(S)-1-($\beta$)-UV,trans-keto-(S)-1,Enol-Keto,monoclinic,orthorhombic,P21,P212121,2497umx668umx59um,,2235631,2235637,"[1,0,0]",,1,1,0,253,253,365,488,60,8,4,4,6.2297,6.2848,6.2297,6.2848,34.95,35.118,34.95,35.118,9.9197,9.887,9.9197,9.887,90,90,90,90,92.336,90,92.336,90,90,90,90,90,2158,2182.3,,,No,"[[ 1.00884473e+00  0.00000000e+00  0.00000000e+00]
 [-2.47247660e-19  1.00480687e+00  0.00000000e+00]
 [ 4.11543044e-02 -3.00648727e-18  9.97532496e-01]]",,1.011192816,,1.01369411,1.0063554,1.003180154,1.020998773,1.000154939,,,,,,-0.002467504,0.004806867,0.009683793,0.002719004,0.002719004,,,,,,0.964440409,1.00963684,1.050092034,,,,1,,,9.490680562,3.09E-05,0.000798282,0.009361681,,,
https://doi.org/10.1002/chem.202401590,Twist (Thermoinduced),Hagiwara,2024,Thermo-induced,Thermal,Reversible,Twist,,Salicylidenephenylethylamine,enol-(S)-1-($\alpha$),enol-(S)-1-($\beta$),trans-keto-(S)-1,Enol-Keto,monoclinic,orthorhombic,P21,P212121,,,2235632,2235633,"[1,0,0]",,2,0,0,263,273,,,,,4,4,6.2398,6.3042,6.2398,6.3042,34.993,35.085,34.993,35.085,9.9224,9.886,9.9224,9.886,90,90,90,90,92.207,90,92.207,90,90,90,90,90,2164.9,2186.6,,,No,"[[ 1.01032084e+00  0.00000000e+00  0.00000000e+00]
 [-4.70983629e-19  1.00262910e+00  0.00000000e+00]
 [ 3.89362285e-02 -2.75190626e-18  9.97071141e-01]]",,1.010010208,,1.012977075,1.007361756,1.000454488,1.020200031,1.000205631,,,,,,-0.002928859,0.002629097,0.011070837,0.003253046,0.003253046,,,,,,0.966918895,1.005265107,1.049496202,,,,1,,,11.12565331,1.74E-05,0.001987011,0.007581205,,,
https://doi.org/10.1002/chem.202401590,"Twist (Photo-triggered, 2171x571x53um)",Hagiwara,2024,Photo-triggered,Strain+Thermal,Reversible,Twist,,Salicylidenephenylethylamine,enol-(S)-1-($\alpha$),enol-(S)-1-($\beta$)-UV,trans-keto-(S)-1,Enol-Keto,monoclinic,orthorhombic,P21,P212121,2171umx571umx53um,,2235631,2235637,"[1,0,0]",,1,3,0,253,253,365,488,60,8,4,4,6.2297,6.2848,6.2297,6.2848,34.95,35.118,34.95,35.118,9.9197,9.887,9.9197,9.887,90,90,90,90,92.336,90,92.336,90,90,90,90,90,2158,2182.3,,,No,"[[ 1.00884473e+00  0.00000000e+00  0.00000000e+00]
 [-2.47247660e-19  1.00480687e+00  0.00000000e+00]
 [ 4.11543044e-02 -3.00648727e-18  9.97532496e-01]]",,1.011192816,,1.01369411,1.0063554,1.003180154,1.020998773,1.000154939,,,,,,-0.002467504,0.004806867,0.009683793,0.002719004,0.002719004,,,,,,0.964440409,1.00963684,1.050092034,,,,1,,,9.490680562,3.09E-05,0.000798282,0.009361681,,,
https://doi.org/10.1002/chem.202401590,"Locomotion (Photo-triggered, 3243x600x(70l-21r)um)",Hagiwara,2024,Photo-triggered,Strain+Thermal,Reversible,Twist,Locomotion,Salicylidenephenylethylamine,enol-(S)-1-($\alpha$),enol-(S)-1-($\beta$)-UV,trans-keto-(S)-1,Enol-Keto,monoclinic,orthorhombic,P21,P212121,3243umx600umx70um,,2235631,2235637,"[1,0,0]",,1,2,0,253,253,365,488,60,8,4,4,6.2297,6.2848,6.2297,6.2848,34.95,35.118,34.95,35.118,9.9197,9.887,9.9197,9.887,90,90,90,90,92.336,90,92.336,90,90,90,90,90,2158,2182.3,,,No,"[[ 1.00884473e+00  0.00000000e+00  0.00000000e+00]
 [-2.47247660e-19  1.00480687e+00  0.00000000e+00]
 [ 4.11543044e-02 -3.00648727e-18  9.97532496e-01]]",,1.011192816,,1.01369411,1.0063554,1.003180154,1.020998773,1.000154939,,,,,,-0.002467504,0.004806867,0.009683793,0.002719004,0.002719004,,,,,,0.964440409,1.00963684,1.050092034,,,,1,,,9.490680562,3.09E-05,0.000798282,0.009361681,,,
https://doi.org/10.1002/anie.201706684,"Break (Photosalient, 1o to 1o-UV, Crystalization)",Hatano,2017,Photosalient,Photoisomerization,Irreversible,Dynamic Fragmentation,Jump,Diarylethene,1o,1o-UV,1c,Open-Close,monoclinic,monoclinic,P21/c,P21/c,100umx20umx10um,,1453359,1476101,,,1,1,0,93,93,400,,,,8,8,13.3855,13.4391,13.3855,13.4391,25.1206,25.2408,25.1206,25.2408,14.7089,14.6414,14.7089,14.6414,90,90,90,90,97.3991,97.8337,97.3991,97.8337,90,90,90,90,4904.7,4920.2,,,No,"[[ 1.00400433e+00  0.00000000e+00  0.00000000e+00]
 [ 4.77970161e-20  1.00478492e+00  0.00000000e+00]
 [-6.43065154e-03 -1.91253266e-19  9.94401811e-01]]",,1.003160911,,1.008808411,0.998383728,1.000240856,1.005730574,1.000026103,,,,,,-0.005598189,0.004784918,0.002986491,-0.000841879,-0.000841879,,,,,,0.986902769,1.009592731,1.009998248,,,,1,,,,-3.56E-06,0.002769256,0.004047956,,,
https://doi.org/10.1002/anie.201706684,"Break (Photosalient, 1o to 1c)",Hatano,2017,Photosalient,Photoisomerization,Irreversible,Dynamic Fragmentation,Jump,Diarylethene,1o-UV,1c,1c,Open-Close,monoclinic,monoclinic,P21/c,P21/c,100umx20umx10um,,1476101,1453360,,,2,1,0,93,93,400,,,,8,4,13.4391,12.0103,,,25.2408,18.4485,,,14.6414,12.1196,,,90,90,,,97.8337,117.9692,,,90,90,,,4920.2,2371.71,,,No,"[[ 8.97261963e-01  0.00000000e+00  0.00000000e+00]
 [-9.97258637e-18  7.34397268e-01  0.00000000e+00]
 [-2.73161548e-01  2.35517887e-17  7.33835133e-01]]",,0.483558264,,,,,,,,,,,,,,,,,,,,,,0.445887052,0.539339347,0.972323211,,,,,,,,0.030581704,0.048778542,-0.326924978,,,
https://doi.org/10.1002/anie.201706684,"Break (Photosalient, 1o to 1o-UV, Sublimation)",Hatano,2017,Photosalient,Photoisomerization,Irreversible,Dynamic Fragmentation,Jump,Diarylethene,1o,1o-UV,1c,Open-Close,monoclinic,monoclinic,P21/c,P21/c,,,1558428,,,,,0,0,300,300,313,,,,8,8,13.4228,13.7515,,,25.2733,25.4136,,,15.088,14.9227,,,90,90,,,98.461,98.8789,,,90,90,,,5062.7,,,,No,"[[ 1.02448818e+00  0.00000000e+00  0.00000000e+00]
 [-1.15954894e-18  1.00555131e+00  0.00000000e+00]
 [-1.93737977e-03 -7.30767395e-19  9.87944882e-01]]",,1.017756552,,1.030175439,1.012137858,0.994630074,1.01765683,1.000573854,,,,,,-0.012055118,0.005551313,0.023349394,0.005718011,0.005718011,,,,,,0.97598531,1.011133443,1.049629573,,,,1,,,,3.90E-05,0.000723595,0.012489884,,,
https://doi.org/10.1002/anie.201402040,Break (100K),Medishetty,2014,Photosalient,Photoisomerization,Irreversible,Dynamic Fragmentation,Jump,Zn2(benzoate)4(L)2,2F-4spy,2F-4spy-UV,,Cycloaddition,monoclinic,monoclinic,C2/c ,C2/c ,,,979137,979140,,,1,0,0,100,100,375,,,"""low""",4,4,24.893,25.2813,24.893,25.2813,12.1633,12.2101,12.1633,12.2101,15.4411,15.6227,15.4411,15.6227,90,90,90,90,108.862,110.492,108.862,110.492,90,90,90,90,4424.1,4517.4,,,No,"[[ 1.01559876e+00  0.00000000e+00  0.00000000e+00]
 [-7.19548738e-19  1.00384764e+00  0.00000000e+00]
 [-2.73285222e-02  2.43125196e-18  1.00151929e+00]]",,1.021055349,,1.019506421,1.017141753,1.016506487,1.014020471,1.001369966,,,,,,0.001519292,0.00384764,0.005318385,0.008300269,0.008300269,,,,,,0.986606177,1.007710084,1.048622409,,,,1,,,,3.38E-05,0.00245332,0.013133188,,,
https://doi.org/10.1002/anie.201402040,"Break (200K, Sample 1)",Medishetty,2014,Photosalient,Photoisomerization,Irreversible,Dynamic Fragmentation,Jump,Zn2(benzoate)4(L)2,2F-4spy,2F-4spy-UV,,Cycloaddition,monoclinic,monoclinic,C2/c ,C2/c ,,,979137,979140,,,1,0,0,200,200,375,,,"""low""",4,4,25.141,25.355,25.141,25.355,12.228,12.267,12.228,12.267,15.528,15.657,15.528,15.657,90,90,90,90,109.19,110.613,109.19,110.613,90,90,90,90,4508,4573,,,No,"[[ 1.00851199e+00  0.00000000e+00  0.00000000e+00]
 [-3.25914701e-19  1.00318940e+00  0.00000000e+00]
 [-2.48604148e-02  1.96752966e-18  9.99281736e-01]]",,1.011001854,,1.011728542,1.007787615,1.012140858,1.012901067,1.000318386,,,,,,-0.000718264,0.003189401,-0.000515675,0.003711173,0.003711173,,,,,,0.981515221,1.006388975,1.034763246,,,,1,,,,1.33E-05,0.000481794,0.007615326,,,
https://doi.org/10.1002/anie.201402040,"Break (200K, Sample 2)",Medishetty,2014,Photosalient,Photoisomerization,Irreversible,Dynamic Fragmentation,Jump,Zn2(benzoate)4(L)2,2F-4spy,2F-4spy-UV,,Cycloaddition,monoclinic,monoclinic,C2/c ,C2/c ,,,979137,979140,,,1,0,0,200,200,375,,,"""low""",4,4,25.123,25.74,25.123,25.74,12.224,12.34,12.224,12.34,15.519,15.8,15.519,15.8,90,90,90,90,109.127,111.4,109.127,111.4,90,90,90,90,4503,4672,,,No,"[[ 1.02455917e+00  0.00000000e+00  0.00000000e+00]
 [-9.22749325e-19  1.00948953e+00  0.00000000e+00]
 [-3.78635252e-02  3.19697947e-18  1.00330197e+00]]",,1.037696918,,1.034281753,1.027942231,1.02945883,1.019100407,1.002690776,,,,,,0.003301969,0.009489529,0.009660474,0.013410251,0.013410251,,,,,,0.984849896,1.019069109,1.072920081,,,,1,,,,0.00013709,0.002421854,0.024915625,,,
https://doi.org/10.1002/anie.201402040,"Break (200K, Sample 3)",Medishetty,2014,Photosalient,Photoisomerization,Irreversible,Dynamic Fragmentation,Jump,Zn2(benzoate)4(L)2,2F-4spy,2F-4spy-UV,,Cycloaddition,monoclinic,monoclinic,C2/c ,C2/c ,,,979137,979140,,,1,0,0,200,200,375,,,"""low""",4,4,25.162,25.53,25.162,25.53,12.229,12.24,12.229,12.24,15.557,15.74,15.557,15.74,90,90,90,90,109.248,111.99,109.248,111.99,90,90,90,90,4519,4560,,,No,"[[ 1.01462523e+00  0.00000000e+00  0.00000000e+00]
 [-8.40458402e-19  1.00089950e+00  0.00000000e+00]
 [-4.69975593e-02  3.87583466e-18  9.93704172e-01]]",,1.009144233,,1.015537885,1.008237323,1.014988529,1.025227721,1.000222432,,,,,,-0.006295828,0.000899501,-0.003484878,0.003451955,0.003451955,,,,,,0.957888395,1.001799811,1.061232711,,,,1,,,,4.68E-06,0.002147725,0.007000231,,,
https://doi.org/10.1002/anie.201402040,"Break (200K, Sample 4)",Medishetty,2014,Photosalient,Photoisomerization,Irreversible,Dynamic Fragmentation,Jump,Zn2(benzoate)4(L)2,2F-4spy,2F-4spy-UV,,Cycloaddition,monoclinic,monoclinic,C2/c ,C2/c ,,,979137,979140,,,1,0,0,200,200,375,,,"""low""",4,4,25.159,25.41,25.159,25.41,12.242,12.23,12.242,12.23,15.535,15.69,15.535,15.69,90,90,90,90,109.193,111.24,109.193,111.24,90,90,90,90,4519,4546,,,No,"[[ 1.00997655e+00  0.00000000e+00  0.00000000e+00]
 [-6.70909347e-19  9.99019768e-01  0.00000000e+00]
 [-3.58516468e-02  3.13927898e-18  9.96775027e-01]]",,1.005732584,,1.008986538,1.006719402,1.010249261,1.018783471,1.000182376,,,,,,-0.003224973,-0.000980232,-0.003225882,0.002990589,0.002990589,,,,,,0.96910914,0.998040497,1.045789285,,,,1,,,,-3.83E-06,0.002442942,0.003473743,,,
https://doi.org/10.1002/chem.201900811,Break (1o to 1o-UV),Nakagawa,2019,Photosalient,Photoisomerization,Irreversible,Peel,Linear,Diarylethene,1o,1o-UV,1c,Open-Close,monoclinic,monoclinic,P21/c,P21/c,600umx80umx80um,,1870382,1870383,"[1,0,0]",,1,1,0,93,93,365,vis,277,mW/cm2,4,4,7.2354,7.1991,7.2354,7.1991,25.7171,25.8444,25.7171,25.8444,12.6083,12.6318,12.6083,12.6318,90,90,90,90,102.32,102.2601,102.32,102.2601,90,90,90,90,2292.04,2296.64,,,No,"[[ 9.94983000e-01  0.00000000e+00  0.00000000e+00]
 [ 6.10303562e-19  1.00495001e+00  0.00000000e+00]
 [-4.55264285e-04 -2.98841322e-19  1.00209206e+00]]",,1.002000045,,0.99990818,0.997064562,1.006825756,1.004974052,1.000000031,,,,,,0.002092057,0.004950014,-0.004790361,-7.44E-05,-7.44E-05,,,,,,0.989976733,1.004203137,1.00992453,,,,1,,,44.74403667,-9.47E-08,0.001129076,0.002114178,,,
https://doi.org/10.1002/chem.201900811,Break (1o-UV to 1c),Nakagawa,2019,Photosalient,Photoisomerization,Irreversible,Peel,Linear,Diarylethene,1o-UV,1c,1c,Open-Close,monoclinic,monoclinic,P21/c,P21/c,600umx80umx80um,,1870383,622801,"[1,0,0]",,2,1,0,93,93,365,vis,277,mW/cm2,4,4,7.1991,11.8283,,,25.8444,18.2383,,,12.6318,11.8745,,,90,90,,,102.2601,118.576,,,90,90,,,2292.04,2249.61,,,No,"[[ 1.64302482e+00  0.00000000e+00  0.00000000e+00]
 [-5.73948127e-17  7.05696398e-01  0.00000000e+00]
 [-1.03102810e-01  3.34702680e-17  8.44801482e-01]]",,0.979527635,,,,,,,,,,,,,,,,,,,,,,0.498007407,0.709896717,2.713953584,,,,,,,66.83450716,-0.136663639,0.469550775,0.482125903,,,
https://doi.org/10.1002/chem.201900811,Break (2o to 2o-UV),Nakagawa,2019,Photosalient,Photoisomerization,Irreversible,Peel,Random,Diarylethene,2o,2o-UV,2c,Open-Close,monoclinic,monoclinic,P21/c,P21/c,1100umx60umx60um,,1870388,1870384,"[1,0,0]",,3,2,0,93,93,365,vis,277,mW/cm2,8,8,18.6604,18.7362,18.6604,18.7362,11.7935,11.765,11.7935,11.765,21.3133,21.3057,21.3133,21.3057,90,90,90,90,95.7023,94.9043,95.7023,94.9043,90,90,90,90,4667.2,4679.28,,,No,"[[ 1.00406208e+00  0.00000000e+00  0.00000000e+00]
 [-3.96703719e-19  9.97583415e-01  0.00000000e+00]
 [ 1.43732125e-02 -7.13727111e-19  1.00093666e+00]]",,1.002573865,,1.001635676,1.005002539,0.997417074,1.007117762,1.000228413,,,,,,0.000936656,-0.002416585,0.005361036,0.002444199,0.002444199,,,,,,0.99036448,0.995172669,1.019856956,,,,1,,,6.759608856,-6.20E-06,0.002491836,0.000249853,,,
https://doi.org/10.1002/chem.201900811,Break (2o-UV to 2c),Nakagawa,2019,Photosalient,Photoisomerization,Irreversible,Peel,Random,Diarylethene,2o-UV,2c,2c,Open-Close,monoclinic,triclinic,P21/c,P-1,1100umx60umx60um,,1870384,,"[1,0,0]",,,2,0,93,93,365,vis,277,mW/cm2,8,2,18.7362,11.77,,,11.765,12.023,,,21.3057,9.626,,,90,94.45,,,94.9043,95.89,,,90,60.07,,,4679.28,1173.7,,,No,"[[ 0.62819569  0.          0.        ]
 [ 0.50988309  0.88564047  0.        ]
 [ 0.00736885 -0.01380756  0.45006216]]",,0.250394565,,,,,,,,,,,,,,,,,,,,,,0.201847902,0.264190483,1.175732132,,,,,,,71.14595944,0.034859483,0.118412292,-0.367966683,,,
https://doi.org/10.1002/chem.201900811,Break (3o to 3o-UV),Nakagawa,2019,Photosalient,Photoisomerization,Irreversible,Peel,Crack,Diarylethene,3o,3o-UV,3c,Open-Close,monoclinic,monoclinic,P21/c,P21/c,900umx100umx80um,,1870385,1870387,"[0,0,1]",,4,3,0,93,93,365,vis,277,mW/cm2,4,4,7.3573,7.3035,7.3573,7.3035,25.7066,25.935,25.7066,25.935,12.5981,12.6145,12.5981,12.6145,90,90,90,90,102.415,102.238,102.415,102.238,90,90,90,90,2326.98,2335.1,,,No,"[[ 9.92687535e-01  0.00000000e+00  0.00000000e+00]
 [ 9.91801212e-19  1.00888488e+00  0.00000000e+00]
 [ 1.19797138e-03 -7.67136927e-19  1.00197795e+00]]",,1.003488374,,1.001507442,0.994651021,1.010213623,1.008069588,1.000019753,,,,,,0.00197795,0.008884878,-0.006642116,0.000668298,0.000668298,,,,,,0.985352544,1.004037245,1.017848697,,,,1,,,78.59477002,1.53E-06,0.001076247,0.002917688,,,
https://doi.org/10.1002/chem.201900811,Break (3o-UV to 3c),Nakagawa,2019,Photosalient,Photoisomerization,Irreversible,Peel,Crack,Diarylethene,3o-UV,3c,3c,Open-Close,monoclinic,monoclinic,P21/c,P21/n,900umx100umx80um,,1870387,1870386,"[0,0,1]",,5,3,0,93,93,365,vis,277,mW/cm2,4,4,7.3035,11.7799,,,25.935,18.4174,,,12.6145,12.0279,,,90,90,,,102.238,118.8479,,,90,90,,,2335.1,2285.68,,,No,"[[ 1.61291162e+00  0.00000000e+00  0.00000000e+00]
 [-5.52790096e-17  7.10136881e-01  0.00000000e+00]
 [-1.20903275e-01  3.46413898e-17  8.54592482e-01]]",,0.978839995,,,,,,,,,,,,,,,,,,,,,,0.504294389,0.724684052,2.621745747,,,,,,,83.89089924,-0.12632662,0.447541511,0.446617388,,,
https://doi.org/10.1002/chem.201900811,Bend (3o to 3o-UV),Nakagawa,2019,Photosalient,Photoisomerization,reversible,Bend,,Diarylethene,3o,3o-UV,3c,Open-Close,monoclinic,monoclinic,P21/c,P21/c,2.29mmx0.132mmx0.0325mm,,1870385,1870387,"[0,0,1]",,4,4,0,93,93,365,vis,0.81,mW/cm2,4,4,7.3573,7.3035,7.3573,7.3035,25.7066,25.935,25.7066,25.935,12.5981,12.6145,12.5981,12.6145,90,90,90,90,102.415,102.238,102.415,102.238,90,90,90,90,2326.98,2335.1,,,No,"[[ 9.92687535e-01  0.00000000e+00  0.00000000e+00]
 [ 9.91801212e-19  1.00888488e+00  0.00000000e+00]
 [ 1.19797138e-03 -7.67136927e-19  1.00197795e+00]]",,1.003488374,,1.001507442,0.994651021,1.010213623,1.008069588,1.000019753,,,,,,0.00197795,0.008884878,-0.006642116,0.000668298,0.000668298,,,,,,0.985352544,1.004037245,1.017848697,,,,1,,,78.59477002,1.53E-06,0.001076247,0.002917688,,,
https://doi.org/10.1002/chem.201900811,Bend (3o-UV to 3c),Nakagawa,2019,Photosalient,Photoisomerization,reversible,Bend,,Diarylethene,3o-UV,3c,3c,Open-Close,monoclinic,monoclinic,P21/c,P21/n,2.29mmx0.132mmx0.0325mm,,1870387,1870386,"[0,0,1]",,5,4,0,93,93,365,vis,0.81,mW/cm2,4,4,7.3035,11.7799,,,25.935,18.4174,,,12.6145,12.0279,,,90,90,,,102.238,118.8479,,,90,90,,,2335.1,2285.68,,,No,"[[ 1.61291162e+00  0.00000000e+00  0.00000000e+00]
 [-5.52790096e-17  7.10136881e-01  0.00000000e+00]
 [-1.20903275e-01  3.46413898e-17  8.54592482e-01]]",,0.978839995,,,,,,,,,,,,,,,,,,,,,,0.504294389,0.724684052,2.621745747,,,,,,,83.89089924,-0.12632662,0.447541511,0.446617388,,,
https://doi.org/10.1002/chem.201900811,"Break (3o to 3o-UV, 1.01x0.154x0.0351mm)",Nakagawa,2019,Photosalient,Photoisomerization,Irreversible,Dynamic Fragmentation,,Diarylethene,3o,3o-UV,3c,Open-Close,monoclinic,monoclinic,P21/c,P21/c,1.01mmx0.154mmx0.0351mm,,1870385,1870387,"[0,0,1]",,4,5,0,93,93,365,vis,277,mW/cm2,4,4,7.3573,7.3035,7.3573,7.3035,25.7066,25.935,25.7066,25.935,12.5981,12.6145,12.5981,12.6145,90,90,90,90,102.415,102.238,102.415,102.238,90,90,90,90,2326.98,2335.1,,,No,"[[ 9.92687535e-01  0.00000000e+00  0.00000000e+00]
 [ 9.91801212e-19  1.00888488e+00  0.00000000e+00]
 [ 1.19797138e-03 -7.67136927e-19  1.00197795e+00]]",,1.003488374,,1.001507442,0.994651021,1.010213623,1.008069588,1.000019753,,,,,,0.00197795,0.008884878,-0.006642116,0.000668298,0.000668298,,,,,,0.985352544,1.004037245,1.017848697,,,,1,,,78.59477002,1.53E-06,0.001076247,0.002917688,,,
https://doi.org/10.1002/chem.201900811,"Break (3o-UV to 3c, 1.01x0.154x0.0351mm)",Nakagawa,2019,Photosalient,Photoisomerization,Irreversible,Dynamic Fragmentation,,Diarylethene,3o-UV,3c,3c,Open-Close,monoclinic,monoclinic,P21/c,P21/n,1.01mmx0.154mmx0.0351mm,,1870387,1870386,"[0,0,1]",,5,5,0,93,93,365,vis,277,mW/cm2,4,4,7.3035,11.7799,,,25.935,18.4174,,,12.6145,12.0279,,,90,90,,,102.238,118.8479,,,90,90,,,2335.1,2285.68,,,No,"[[ 1.61291162e+00  0.00000000e+00  0.00000000e+00]
 [-5.52790096e-17  7.10136881e-01  0.00000000e+00]
 [-1.20903275e-01  3.46413898e-17  8.54592482e-01]]",,0.978839995,,,,,,,,,,,,,,,,,,,,,,0.504294389,0.724684052,2.621745747,,,,,,,83.89089924,-0.12632662,0.447541511,0.446617388,,,
https://doi.org/10.1039/D1TC01358K,Photosalient,Hean,2021,Photosalient,Photoisomerization,Irreversible,Dynamic Crack,Dynamic Fragmentation,HemithioindigoAnthracene,[E]-HTI-An,[E]-HTI-An-UV,,Z-E Isomerisation,monoclinic,monoclinic,P21/c,P21/c,,,2068879,2068880,,,1,0,0,120,133,,515,,,4,4,10.443,10.351,10.443,10.351,13.9757,13.886,13.9757,13.886,11.241,11.185,11.241,11.185,90,90,90,90,102.916,102.99,102.916,102.99,90,90,90,90,1599.09,1567,,,1,"[[ 9.91190271e-01  0.00000000e+00  0.00000000e+00]
 [ 1.46433825e-19  9.93581717e-01  0.00000000e+00]
 [-2.16276513e-03  1.89095087e-19  9.94722700e-01]]",,0.979631295,,0.984828531,0.985959463,0.988632437,,,,,,,,-0.0052773,-0.006418283,-0.009104129,-0.007049405,-0.007049405,,,,,,0.981855279,0.987204628,0.990080802,,,,1,,,,4.49E-05,0.000307564,-0.013405578,,,
https://doi.org/10.1039/D1TC01358K,Thermosalient,Hean,2021,Thermosalient,Thermal,Irreversible,Dynamic Fragmentation,Jump,HemithioindigoAnthracene,[Z]-HTI-An ,[Z']-HTI-An,,Z-E Isomerisation,monoclinic,monoclinic,P21/c,P21/c,,,2068877,2068878,,,2,0,0,298,400,,,,,4,4,12.9474,13.183,12.9474,13.183,11.1005,11.272,11.1005,11.272,11.7019,11.792,11.7019,11.792,90,90,90,90,97.279,97.6,97.279,97.6,90,90,90,90,1668.3,1737,,,1,"[[ 1.01819670e+00  0.00000000e+00  0.00000000e+00]
 [-1.68202119e-19  1.01544975e+00  0.00000000e+00]
 [-4.30279533e-03 -1.93460648e-19  1.00696267e+00]]",,1.041126492,,,,,,,,,,,,,,,,,,,,,,1.013177215,1.031138204,1.037539651,,,,,,,,0.000198522,0.001409034,0.028313213,,,
https://doi.org/10.1039/C4SC02676D,Photosalient,Seki,2015,Photoinduced,Photoisomerization,Irreversible,Dynamic Fragmentation,Jump,Gold(I)isocyanide,1B,1Y ,1Y , Aurophilic-bond-shortening,triclinic,triclinic,P-1,P-1,,,987280,987281,,,1,0,,-150,-150,367,,400,,4,2,7.381,6.0552,,,11.755,7.0297,,,15.94,15.969,,,102.912,96.315,,,92.025,93.979,,,100.595,90.279,,,1320.8,673.9,,,No,"[[ 0.82037664  0.          0.        ]
 [ 0.15049269  0.60838285  0.        ]
 [-0.00547807  0.03272008  1.02232095]]",,0.510243536,,0.499103081,0.834030713,0.639609529,1.093688271,1.032246317,,,,,,0.02232095,-0.378069069,-0.164811278,-0.279133367,-0.279133367,,,,,,0.345606821,0.71962975,1.046799747,,,,1,,,,0.006506822,0.045112848,-0.228080241,,,
https://doi.org/10.1002/chem.201901237,Photosalient,Yadava,2019,Photosalient,Photoisomerization,Irreversible,Dynamic Crack,Jump,Mn(II)Complex,1,1a,1UV,[2+2]Cycloaddition,monoclinic,monoclinic,P21/c,P21/c,,,1901075,"	1901079",,,1,0,,100,100,,,,,4,4,23.7105,23.7553,,,12.5117,12.5143,,,15.8322,15.7783,,,90,90,,,107.8764,108.302,,,90,90,,,1668.3,1737,,,No,"[[ 1.00188946e+00  0.00000000e+00  0.00000000e+00]
 [-1.02971534e-19  1.00020781e+00  0.00000000e+00]
 [-5.68641714e-03  1.48997158e-19  9.94180390e-01]]",,0.996265839,,1.002097656,0.996058853,0.996870712,1.004562108,1.000207336,,,,,,-0.00581961,0.000207805,-0.000538526,-0.001995505,-0.001995505,,,,,,0.986544112,1.000415654,1.005665358,,,,1,,,,-3.97E-07,0.00105785,-0.001695818,,,
https://doi.org/10.1021/jacs.6b09633,Twist,Takanabe,2016,Photoinduced,Photoisomerization,Reversible,Twist,,Salicylidenephenylethylamines,enol-(S)-1,trans-keto-(S)-1,trans-keto-(S)-1,Enol-Keto,orthorhombic,orthorhombic,P212121,P212121,354umx87umx1um,,Takanabe-cif-enol,Takanabe-cif-trans-keto,,,1,1,,295,295,330,460,,,,,6.0803,5.8555,,,9.6333,9.3134,,,34.4535,35.5093,,,90,90,,,90,90,,,90,90,,,2018.056899,1936.4861,,,No,"[[9.63028140e-01 0.00000000e+00 0.00000000e+00]
 [2.30486646e-19 9.66792273e-01 0.00000000e+00]
 [4.14028967e-18 3.90980302e-18 1.03064420e+00]]",,0.959579392,,0.931048164,0.992539369,0.99641885,1.032953882,1.000049503,,,,,,0.030644202,-0.033207727,-0.03697186,-0.004882592,-0.004882592,,,,,,0.927423199,0.934687298,1.06222747,,,,1,,,,2.85E-05,0.015891745,-0.033529212,,,
https://doi.org/10.1021/jacs.1c03588,Bend (Crystal 1170xum14.5xum10.2um),Hasebe,2021,Photoinduced,Thermal,Reversible,Bend,,Salicylideneaniline,enol-1,trans-keto-1,trans-keto-1,Enol-Keto,monoclinic,monoclinic,P21,P21,1170xum14.5xum10.2um,1000+,2068441,2068442,"[0,0,1]",,1,1,,293,293,365,,50,,2,2,10.9014,10.9003,,,6.2376,6.2379,,,15.0904,15.1009,,,90,90,,,108.967,108.982,,,90,90,,,970.41,970.95,,,No,"[[ 9.99899096e-01  0.00000000e+00  0.00000000e+00]
 [ 9.12361206e-21  1.00004810e+00  0.00000000e+00]
 [-5.35786208e-04  7.16096561e-20  1.00060573e+00]]",,1.000552888,,0.999947186,1.000504768,1.000743932,1.000403952,1.000039474,,,,,,0.000605734,4.81E-05,-0.000190906,0.000252156,0.000252156,,,,,,0.999618143,1.000096193,1.001392179,,,,1,,,,1.22E-08,0.000102375,0.000301055,,,
https://doi.org/10.1021/jacs.1c03588,Bend (Crystal 1520xum68.0xum48.3xum),Hasebe,2021,Photoinduced,Thermal,Reversible,Bend,,Salicylideneaniline,enol-1,trans-keto-1,trans-keto-1,Enol-Keto,monoclinic,monoclinic,P21,P21,1520umx68.0umx48.3um,1000+,2068441,2068442,"[0,0,1]",,1,2,,293,293,365,,50,,2,2,10.9014,10.9003,,,6.2376,6.2379,,,15.0904,15.1009,,,90,90,,,108.967,108.982,,,90,90,,,970.41,970.95,,,No,"[[ 9.99899096e-01  0.00000000e+00  0.00000000e+00]
 [ 9.12361206e-21  1.00004810e+00  0.00000000e+00]
 [-5.35786208e-04  7.16096561e-20  1.00060573e+00]]",,1.000552888,,0.999947186,1.000504768,1.000743932,1.000403952,1.000039474,,,,,,0.000605734,4.81E-05,-0.000190906,0.000252156,0.000252156,,,,,,0.999618143,1.000096193,1.001392179,,,,1,,,,1.22E-08,0.000102375,0.000301055,,,
https://doi.org/10.1021/ja5111927,"Thermosalient (L-PGA, LT alpha -> alpha')",Panda,2015,Thermo Salient,Thermal,Irreversible,Dynamic Crack,Jump,Pyroglutamic Acid,alpha-L-PGA,alpha'-L-PGA,,,orthorhombic,orthorhombic,P212121,P212121,0.83mmx0.61mmx0.47mm,15,Panda-L-PGA,,,,1,,0,300,130,,,,,12,12,9.024,8.1865,,,13.453,14.3317,,,14.672,14.6585,,,90,90,,,90,90,,,90,90,,,1781.1,1719.83,,,,"[[ 9.07191933e-01  0.00000000e+00  0.00000000e+00]
 [ 9.68232418e-18  1.06531629e+00  0.00000000e+00]
 [ 5.62651403e-18 -4.05581015e-18  9.99079880e-01]]",,0.965557094,,,,,,,,,,,,,,,,,,,,,,0.822997203,0.998160607,1.13489879,,,,,,,,1.06E-06,0.000115287,-0.002069967,,,
https://doi.org/10.1021/ja5111927,"Thermosalient (L-PGA, HT alpha -> beta)",Panda,2015,Thermo Salient,Thermal,Irreversible,Dynamic Crack,Jump,Pyroglutamic Acid,alpha-L-PGA,beta-L-PGA,,,orthorhombic,orthorhombic,P212121,P212121,0.83mmx0.61mmx0.47mm,,Panda-L-PGA,,,,1,,0,300,353,,,,,12,4,9.024,4.4135,,,13.453,9.1662,,,14.672,14.753,,,90,90,,,90,90,,,90,90,,,1781.1,596.85,,,,"[[4.89084663e-01 0.00000000e+00 0.00000000e+00]
 [1.17728494e-17 6.81349885e-01 0.00000000e+00]
 [3.16225882e-17 1.98497388e-17 1.00552072e+00]]",,0.335077491,,,,,,,,,,,,,,,,,,,,,,0.239203808,0.464237665,1.011071918,,,,,,,,0.023823552,0.089473941,-0.356814453,,,
https://doi.org/10.1021/ja5111927,"Thermosalient (D-PGA, LT alpha -> alpha')",Panda,2015,Thermo Salient,Thermal,Irreversible,Dynamic Crack,Jump,Pyroglutamic Acid,alpha-D-PGA,alpha'-D-PGA,,,orthorhombic,orthorhombic,P212121,P212121,0.83mmx0.61mmx0.47mm,,Panda-D-PGA,,,,1,,0,300,130,,,,,12,12,9.0121,8.2013,,,13.4568,14.3479,,,14.6634,14.6577,,,90,90,,,90,90,,,90,90,,,1778.3,1724.8,,,,"[[ 9.10032068e-01  0.00000000e+00  0.00000000e+00]
 [ 9.56371025e-18  1.06621931e+00  0.00000000e+00]
 [ 5.48514458e-18 -4.07856567e-18  9.99611277e-01]]",,0.969916587,,,,,,,,,,,,,,,,,,,,,,0.828158365,0.999222705,1.136823615,,,,,,,,-1.53E-07,0.000390796,4.30E-06,,,
https://doi.org/10.1021/ja5111927,"Thermosalient (D-PGA, HT alpha -> beta)",Panda,2015,Thermo Salient,Thermal,Irreversible,Dynamic Crack,Jump,Pyroglutamic Acid,alpha-D-PGA,beta-D-PGA,,,orthorhombic,orthorhombic,P212121,P212121,0.83mmx0.61mmx0.47mm,,Panda-D-PGA,,,,1,,0,300,360,,,,,12,4,9.0121,4.425,,,13.4568,9.162,,,14.6634,14.747,,,90,90,,,90,90,,,90,90,,,1778.3,597.9,,,,"[[4.91006536e-01 0.00000000e+00 0.00000000e+00]
 [1.16242762e-17 6.80845372e-01 0.00000000e+00]
 [3.15159629e-17 1.98916868e-17 1.00570127e+00]]",,0.336205459,,,,,,,,,,,,,,,,,,,,,,0.241087418,0.46355042,1.011435044,,,,,,,,0.023874464,0.089607813,-0.357233954,,,
https://doi.org/10.1002/chem.201705586,Thermosalient (Crystallographic Measurement 1),Tamboli,2018,Thermo Salient,Thermal,Irreversible,Dynamic Fragmentation,"Jump, Crack","Naphthalene-2,3-diyl bis(4-fluorobenzoate)",2-Form-I1,2-Form-IV,,,monoclinic,monoclinic,C2/c ,C2/c ,,,1583404,1583408,,,,,0,290,404.4,,,,,4,4,15.823,13.849,,,13.169,14.99,,,9.685,9.874,,,90,90,,,101.81,105.9,,,90,90,,,1975.4,1971,,,,"[[ 8.75244897e-01  0.00000000e+00  0.00000000e+00]
 [ 1.61062115e-17  1.13827929e+00  0.00000000e+00]
 [-1.02338126e-01 -4.53079695e-18  1.00171402e+00]]",,0.99798077,,,,,,,,,,,,,,,,,,,,,,0.737072307,1.042885384,1.295679747,,,,,,,,0.000232504,0.017390365,0.05789611,,,
https://doi.org/10.1002/chem.201705586,Thermosalient (Crystallographic Measurement 2),Tamboli,2018,Thermo Salient,Thermal,Irreversible,Dynamic Fragmentation,"Jump, Crack","Naphthalene-2,3-diyl bis(4-fluorobenzoate)",2-Form-IV,2-Form-I2,,,monoclinic,monoclinic,C2/c ,C2/c ,,,1583408,1583788,,,,,0,404.4,290,,,,,4,4,13.849,15.828,,,14.99,13.194,,,9.874,9.706,,,90,90,,,105.9,101.9,,,90,90,,,1971,1983.6,,,,"[[ 1.14289840e+00  0.00000000e+00  0.00000000e+00]
 [-1.60864468e-17  8.80186791e-01  0.00000000e+00]
 [ 1.14804058e-01  4.09764032e-18  1.00012368e+00]]",,1.006088499,,,,,,,,,,,,,,,,,,,,,,0.774728787,0.963232867,1.356411247,,,,,,,,-0.000202832,0.026919171,0.044340168,,,
,Superelastic (C15-A'h to C15-A'I),Takamizawa,2019,Superelastic,Mechanical,Reversible,Superelastic,,Pentadecanoic acid C15,C15-A'h,C15-A'I,,,triclinic,triclinic,P-1,P-1,0.7mmx0.5mmx0.15mm,,1846958,1846957,"[1,0,1]",,1,1,1,303,289,,,,,2,4,4.286,4.905,4.286,4.905,4.944,8.103,9.888,8.103,40.1,39.77,40.1,39.77,87.272,90.409,87.272,90.409,88.197,92.129,88.197,92.129,68.316,102.813,68.316,102.813,788.5,1540.1,,,,"[[ 1.14442371  0.          0.        ]
 [-0.84620173  1.71984848  0.        ]
 [-0.04014877 -0.08232167  0.99224014]]",,1.952962135,,,,,,,,,,,,,,,,,,,,,,0.896518356,1.057653103,4.022399592,,,,,,,,0.392407918,0.43868906,1.254604849,,,
,"Superelastic (C15-A'h to C15-B', 1.19x1.1x0.18mm)",Takamizawa,2019,Superelastic,Mechanical,Reversible,Superelastic,,Pentadecanoic acid C15,C15-A'h,C15-B',,,triclinic,triclinic,P-1,P-1,1.19mmx1.1mmx0.18mm,,1846958,1846959,"[1,2,7]",,2,2,1,303,303,,,,,2,4,4.286,5.554,4.286,5.554,4.944,8.083,9.888,8.083,40.1,35.965,40.1,35.965,87.272,88.037,87.272,88.037,88.197,87.514,88.197,87.514,68.316,79.973,68.316,79.973,788.5,1587.7,,,,"[[ 1.29584694  0.          0.        ]
 [-0.20892539  1.73254096  0.        ]
 [ 0.00622662 -0.04280083  0.89686898]]",,2.01356764,,,,,,,,,,,,,,,,,,,,,,0.803703489,1.627569097,3.099539372,,,,,,,,0.21502255,0.280987268,1.074188465,,,
,"Superelastic (C15-A'h to C17-B', 0.61x0.36x0.06mm)",Takamizawa,2019,Superelastic,Mechanical,Reversible,Superelastic,,Pentadecanoic acid C17,C17-A'h,C17-B',,,triclinic,triclinic,P-1,P-1,0.61mmx0.36mmx0.06mm,,,C17.cif,,,,3,1,298,298,,,,,2,4,4.279,5.57,4.279,5.57,4.8823,8.07,9.7646,8.07,44.7828,40.52,44.7828,40.52,91.4772,88.89,91.4772,88.89,92.0642,88.8,92.0642,88.8,110.2728,80.2,110.2728,80.2,876.323,1795,,,,"[[1.30170601 0.         0.        ]
 [0.78073315 1.73635087 0.        ]
 [0.0978321  0.08546754 0.90591331]]",,2.04756189,,,,,,,,,,,,,,,,,,,,,,0.815424784,1.25979078,4.081236318,,,,,,,,0.179415597,0.923750852,1.351574717,,,
https://doi.org/10.1002/anie.202004083,Superelastic (Form II to Form I),Park,2020,Superelastic,Mechanical,Reversible,Superelastic,,TIPS-P,Form II,Form I,,,triclinic,triclinic,P-1,P-1,,,1570911,1570910,"[0,1,0]",,1,1,1,127,27,,,,,1,1,7.6,7.76,7.6,7.76,8.58,7.74,8.58,7.74,17.23,16.95,17.23,16.95,78.22,77.87,78.22,77.87,86.71,88.54,86.71,88.54,72.1,82.2,72.1,82.2,1046.5,986.71,,,,"[[ 1.02105263  0.          0.        ]
 [-0.20113459  0.9392148   0.        ]
 [ 0.00601786  0.02158259  0.98265903]]",,0.942357969,,,,,,,,,,,,,,,,,,,,,,0.766814087,0.967735965,1.196698788,,,,,,,52.14125911,-3.03E-05,0.015325358,-0.001740785,,,
https://doi.org/10.1002/anie.202004083,Superelastic (Form III  to Form II),Park,2020,Superelastic,Mechanical,Reversible,Superelastic,,TIPS-P,Form III,Form II,,,triclinic,triclinic,P-1,P-1,,,1991343,1570911,"[0,1,0]",,2,2,1,169,127,,,,,1,1,7.6,7.6,7.6,7.6,8.99,8.58,8.99,8.58,17.27,17.23,17.27,17.23,82.24,78.22,82.24,78.22,89.91,86.71,89.91,86.71,65.16,72.1,65.16,72.1,1058.2,1046.5,,,,"[[ 1.          0.          0.        ]
 [-0.13966795  1.00078387  0.        ]
 [ 0.07721678  0.04789879  0.98736422]]",,0.988138186,,,,,,,,,,,,,,,,,,,,,,0.826989864,1.022320174,1.15491028,,,,,,,38.54117182,0.000149787,0.009902812,0.007378606,,,
https://doi.org/10.1002/anie.202004083,Ferroelastic (Form I to Form I-twin),Park,2020,Ferroelastic,Mechanical,Reversible,Ferroelastic,,TIPS-P,From I,Form I-twin,,,triclinic,triclinic,P-1,P-1,,,1570910,1991344,"[0,1,0]",,3,3,1,27,25,,,,,1,1,7.76,7.76,7.76,7.76,7.74,7.73,7.74,7.73,16.95,16.93,16.95,16.93,77.87,77.89,77.87,77.89,88.54,88.5,88.54,88.5,82.2,82.2,82.2,82.2,986.71,982.8,,,,"[[ 1.00000000e+00  0.00000000e+00  0.00000000e+00]
 [-1.76980569e-04  9.98708010e-01  0.00000000e+00]
 [ 7.20013591e-04 -4.25688525e-04  9.98896695e-01]]",,0.997606131,,,,,,,,,,,,,,,,,,,,,,0.997116096,0.997852163,1.00024477,,,,,,,58.23575832,6.92E-07,0.000138597,-0.001732702,,,
https://doi.org/10.1039/D0SC05388K,Bend (1oRR to 1oRR-UV 8min),Fujimoto,2020,Photoinduced,Photoisomerization,Reversible,Bend,,Diarylethene,1oRR,1oRR-UV-(8min),1cRR,,monoclinic,monoclinic,P21,P21,650umx70umx3um,,1938355,1938356,,,1,1,0,173,173,313,Vis,,,4,4,12.3769,12.457,,,14.622,14.737,,,19.3798,19.461,,,90,90,,,106.751,107.079,,,90,90,,,3358.4,3415.1,,,,"[[ 1.00647173e+00  0.00000000e+00  0.00000000e+00]
 [ 8.53044588e-20  1.00786486e+00  0.00000000e+00]
 [-5.05689351e-03  4.89736590e-20  1.00244322e+00]]",,1.016865869,,,,,,,,,,,,,,,,,,,,,,1.002457455,1.015445884,1.015791578,,,,,,,,3.59E-05,0.001676024,0.012300094,,,
https://doi.org/10.1039/D0SC05388K,Bend (1oRR to 1oRR-UV 9min),Fujimoto,2020,Photoinduced,Photoisomerization,Reversible,Bend,,Diarylethene,1oRR,1oRR-UV-(9min),1cRR,,monoclinic,monoclinic,P21,P21,650umx70umx3um,,1938355,1938357,,,2,1,0,173,173,313,Vis,,,4,8,12.3769,12.131,,,14.622,14.308,,,19.3798,36.28,,,90,90,,,106.751,91.678,,,90,90,,,3358.4,6294,,,,"[[ 9.80132343e-01  0.00000000e+00  0.00000000e+00]
 [-9.83901942e-20  9.78525510e-01  0.00000000e+00]
 [ 2.37757531e-01  4.26084474e-17  1.95417226e+00]]",,1.874216331,,,,,,,,,,,,,,,,,,,,,,0.942145404,0.957512173,3.893831889,,,,,,,,-0.02301419,0.552287462,1.10634098,,,
https://doi.org/10.1039/D0SC05388K,Bend (1oRR to 1cRR),Fujimoto,2020,Photoinduced,Photoisomerization,Reversible,Bend,,Diarylethene,1oRR,1cRR,1cRR,,monoclinic,tetragonal,P21,P43,650umx70umx3um,,1938355,1961657,,,3,1,0,173,173,313,Vis,,,4,4,12.3769,13.253,,,14.622,13.253,,,19.3798,19.0733,,,90,90,,,106.751,90,,,90,90,,,3358.4,3350.1,,,,"[[ 1.07078509e+00  0.00000000e+00  0.00000000e+00]
 [-1.00672785e-17  9.06373957e-01  0.00000000e+00]
 [ 3.22290115e-01 -1.17288183e-17  1.02779780e+00]]",,0.997510362,,,,,,,,,,,,,,,,,,,,,,0.808238953,0.82151375,1.498580985,,,,,,,,-0.009144497,0.095855185,0.038994419,,,
https://doi.org/10.1039/D0SC05388K,Jump (1oRR to 1oRR-UV),Fujimoto,2020,Photoinduced,Photoisomerization,Irreversible,Dynamic Crack,Jump,Diarylethene,1oRR,1oRR-UV-(9min),1cRR,,monoclinic,monoclinic,P21,P21,300umx70umx20um,,1938355,1938357,,,2,2,0,173,173,313,Vis,,,4,8,12.3769,12.131,,,14.622,14.308,,,19.3798,36.28,,,90,90,,,106.751,91.678,,,90,90,,,3358.4,6294,,,,"[[ 9.80132343e-01  0.00000000e+00  0.00000000e+00]
 [-9.83901942e-20  9.78525510e-01  0.00000000e+00]
 [ 2.37757531e-01  4.26084474e-17  1.95417226e+00]]",,1.874216331,,,,,,,,,,,,,,,,,,,,,,0.942145404,0.957512173,3.893831889,,,,,,,,-0.02301419,0.552287462,1.10634098,,,
https://doi.org/10.1039/D0SC05388K,Jump (1oRR to 1cRR),Fujimoto,2020,Photoinduced,Photoisomerization,Irreversible,Dynamic Crack,Jump,Diarylethene,1oRR,1cRR,1cRR,,monoclinic,tetragonal,P21,P43,300umx70umx20um,,1938355,1961657,,,3,2,0,173,173,313,Vis,,,4,4,12.3769,13.253,,,14.622,13.253,,,19.3798,19.0733,,,90,90,,,106.751,90,,,90,90,,,3358.4,3350.1,,,,"[[ 1.07078509e+00  0.00000000e+00  0.00000000e+00]
 [-1.00672785e-17  9.06373957e-01  0.00000000e+00]
 [ 3.22290115e-01 -1.17288183e-17  1.02779780e+00]]",,0.997510362,,,,,,,,,,,,,,,,,,,,,,0.808238953,0.82151375,1.498580985,,,,,,,,-0.009144497,0.095855185,0.038994419,,,
,Transform (bitBu-BTBT),Chung,2018,Thermoinduced,Thermal,Reversible,Stretch,,ditBu-BTBT,LT form,HT form,,,monoclinic,monoclinic,P21/c,P21/c,0.433mmx0.222mmx0.054mm,,,,,,1,,1,298,370,,,,,2,2,14.1772,14.6338,14.1772,14.6338,6.1547,6.3264,6.1547,6.3264,10.6485,10.4185,10.6485,10.4185,90,90,90,90,92.2098,93.755,92.2098,93.755,90,90,90,90,928.46,962.47,,,,"[[ 1.03220664e+00  0.00000000e+00  0.00000000e+00]
 [-2.63866221e-19  1.02789738e+00  0.00000000e+00]
 [-2.42931610e-02 -1.53534321e-18  9.77026875e-01]]",,1.036627958,,,,,,,,,,,,,,,,,,,,,,0.949737671,1.056573022,1.070884551,,,,,,,,0.000171293,0.011115434,0.035097342,,,
,Transform (TIPS-P),Chung,2018,Thermoinduced,Thermal,Reversible,Stretch,,TIPS-P,LT form,HT form,,,triclinic,triclinic,P-1,P-1,,25+,,,,,,,1,300,400,,,,,1,1,7.744,7.6,7.744,7.6,7.7583,8.578,7.7583,8.578,16.9549,17.231,16.9549,17.231,88.536,78.22,88.536,78.22,77.873,86.71,77.873,86.71,82.202,72.1,82.202,72.1,986.71,1046.5,,,,"[[ 0.98140496  0.          0.        ]
 [ 0.20860128  1.06195507  0.        ]
 [-0.15065277  0.20707148  1.0178345 ]]",,1.060795229,,,,,,,,,,,,,,,,,,,,,,0.706109125,1.184819633,1.345051922,,,,,,,,0.006940859,0.049507196,0.129511336,,,
,Ferroelastic (1-alpha+ to 1-alpha-),Takamizawa,2016,Ferroelastic,Mechanical,Reversible,Ferroelastic,,,1-alpha+,1-alpha-,,,triclinic,triclinic,P-1,P-1,3.8cmx0.6cmx0.3cm,,1422938,,"[1,0,3]",,,,1,183,183,,,,,4,4,10.1868,,,,18.7141,18.7141,,,20.7566,20.7566,,,70.748,70.748,,,86.972,86.972,,,76.006,76.006,,,3623.3,3623.3,,,,"[[ 0.000  0.000 0.000]
 [ 0.000  0.000  0.000]
 [0.000  0.000  0.000 ]]",,1,,,,,,,,,,,,,,,,,,,,,,1,1,1,,,,,,,82.79398408,-1.03E-34,1.02E-17,1,,,
,Ferroelastic (1-alpha to 1-alpha-),Takamizawa,2016,Ferroelastic,Mechanical,Reversible,Ferroelastic,,,1-alpha,1-alpha-,,,triclinic,triclinic,P-1,P-1,3.8cmx0.6cmx0.3cm,,986256,,,,,,1,298,298,,,,,4,4,10.311,,,,18.895,18.895,,,20.77,20.77,,,69.618,69.618,,,85.946,85.946,,,76.898,76.898,,,3694.1,3694.1,,,,"[[ 0.000  0.000 0.000]
 [ 0.000  0.000  0.000]
 [0.000  0.000  0.000 ]]",,1,,,,,,,,,,,,,,,,,,,,,,1,1,1,,,,,,,,-2.29E-34,5.75E-17,1,,,
,Ferroelastic (1-alpha+ to 1-alpha-),Takamizawa,2016,Ferroelastic,Mechanical,Reversible,Ferroelastic,,,1-alpha+,1-alpha-,,,triclinic,triclinic,P-1,P-1,3.8cmx0.6cmx0.3cm,,986257,,"[-2,0,-5]",,,,1,394,394,,,,,4,4,10.5582,,,,19.131,19.131,,,20.915,20.915,,,68.892,68.892,,,85.501,85.501,,,77.175,77.175,,,3842.7,3842.7,,,,"[[ 0.000  0.000 0.000]
 [ 0.000  0.000  0.000]
 [0.000  0.000  0.000 ]]",,1,,,,,,,,,,,,,,,,,,,,,,1,1,1,,,,,,,,-1.51E-33,1.18E-16,1,,,
,Superelastic (1-alpha+ to 1-beta),Takamizawa,2016,Superelastic,Mechanical,Reversible,Superelastic,,,1-alpha+,1-beta,,,triclinic,monoclinic,P-1,P21/n,3.8cmx0.6cmx0.3cm,,986257,986258,"[-2,0,-5]",,,,1,394,403,,,,,4,8,10.5582,12.1401,,,19.131,36.975,,,20.915,17.688,,,68.892,90,,,85.501,102.611,,,77.175,90,,,3842.7,7748.1,,,,"[[ 1.14982668  0.          0.        ]
 [-0.26176187  1.98217717  0.        ]
 [-0.19601947 -0.74694937  0.88482737]]",,1.161693894,,,,,,,,,,,,,,,,,,,,,,0.599890655,1.462035196,4.636997615,,,,,,,28.83704852,0.371154284,0.604366627,1.440958544,,,
https://doi.org/10.1002/anie.201311014,Superelastic (,Takamizawa,2014,Superelastic,Mechanical,Reversible,Superelastic,,terephthalamide,alpha-bend,beta-bend,,,triclinic,triclinic,P-1,P-1,0.13mmx0.12mmx0.04mm,,,,,,,,1,298,298,,,,,1,2,5.03,5.3663,5.03,5.3663,5.395,7.268,5.395,7.268,7.202,10.16,14.404,10.16,103.413,104.149,103.413,104.149,100.269,97.699,100.269,97.699,92.382,102.672,92.382,102.672,186.35,367.4,,,,"[[ 1.06685885  0.          0.        ]
 [-0.25140535  1.31549535  0.        ]
 [-0.06186124 -0.08463792  1.40420295]]",,1.866664161,,,,,,,,,,,,,,,,,,,,,,1.033006586,1.855909988,2.025780208,,,,,,,,0.14275412,0.010579166,0.75223347,,,
https://doi.org/10.1002/anie.201311014,1,Takamizawa,2014,,,Reversible,Superelastic,,terephthalamide,alpha,alpha-bend,,,triclinic,triclinic,P-1,P-1,0.13mmx0.12mmx0.04mm,,,,"[0,0,1]",,,,1,297,298,,,,,1,1,5.0238,5.03,5.0238,5.03,5.387,5.395,5.387,5.395,7.1853,7.202,7.1853,7.202,103.413,103.413,103.413,103.413,100.286,100.269,100.286,100.269,92.374,92.382,92.374,92.382,185.41,186.35,,,,"[[ 1.00123413e+00  0.00000000e+00  0.00000000e+00]
 [-1.50236349e-04  1.00147925e+00  0.00000000e+00]
 [ 6.49571634e-05 -2.27009577e-04  1.00237768e+00]]",,1.005099254,,,,,,,,,,,,,,,,,,,,,,1.002427351,1.002971879,1.004792315,,,,,,,58.8331841,2.70E-06,0.000150602,0.003291384,,,
https://doi.org/10.1002/anie.201311014,1,Takamizawa,2014,Superelastic,Mechanical,Reversible,Superelastic,,terephthalamide,alpha-bend,beta-bend,,,triclinic,triclinic,P-1,P-1,0.13mmx0.12mmx0.04mm,,,,"[1,0,0]",,,,1,298,298,,,,,1,2,5.03,5.3663,5.03,5.3663,5.395,7.268,5.395,7.268,7.202,10.16,14.404,10.16,103.413,104.149,103.413,104.149,100.269,97.699,100.269,97.699,92.382,102.672,92.382,102.672,186.35,367.4,,,,"[[ 1.06685885  0.          0.        ]
 [-0.25140535  1.31549535  0.        ]
 [-0.06186124 -0.08463792  1.40420295]]",,1.866664161,,,,,,,,,,,,,,,,,,,,,,1.033006586,1.855909988,2.025780208,,,,,,,64.14482153,0.14275412,0.010579166,0.75223347,,,
https://doi.org/10.1002/anie.201311014,1,Takamizawa,2014,,,Reversible,Superelastic,,terephthalamide,alpha,alpha-bend,,,triclinic,triclinic,P-1,P-1,0.13mmx0.12mmx0.04mm,,,,"[0,0,1]",,,,1,297,298,,,,,1,1,5.0238,5.03,5.0238,5.03,5.387,5.395,5.387,5.395,7.1853,7.202,7.1853,7.202,103.413,103.413,103.413,103.413,100.286,100.269,100.286,100.269,92.374,92.382,92.374,92.382,185.41,186.35,,,,"[[ 1.00123413e+00  0.00000000e+00  0.00000000e+00]
 [-1.50236349e-04  1.00147925e+00  0.00000000e+00]
 [ 6.49571634e-05 -2.27009577e-04  1.00237768e+00]]",,1.005099254,,,,,,,,,,,,,,,,,,,,,,1.002427351,1.002971879,1.004792315,,,,,,,58.8331841,2.70E-06,0.000150602,0.003291384,,,
https://doi.org/10.1038/s42004-023-00951-0,Photosalient (1 to i1),Khan,2023,Photosalient,Cycloaddition,Irreversible,Dynamic Fracture,,Zn(4-ohbz)2(4-nvp)2,1,i1,1',,monoclinic,monoclinic,P21/c ,P21/c ,,,2214421,2214422,,,1,,0,293,293,350,,,,8,4,22.9098,22.6733,,,15.4421,15.4419,,,22.7056,22.7005,,,90,90,,,103.112,103.606,,,90,90,,,7823.3,7724.8,,,,,,,,,,,,,,,,,,,,,,,,,,,,,,,,,,,,,,,,,,,
https://doi.org/10.1038/s42004-023-00951-0,Photosalient (i1 to 1'),Khan,2023,Photosalient,Cycloaddition,Irreversible,Dynamic Fracture,,Zn(4-ohbz)2(4-nvp)2,i1,1',1',,monoclinic,monoclinic,P21/c ,P21/c ,,,2214422,2214423,,,2,,0,293,293,350,,,,4,8,22.6733,7.8757,,,15.4419,23.4713,,,22.7005,20.5487,,,90,90,,,103.606,90.977,,,90,90,,,7724.8,3797.9,,,,,,,,,,,,,,,,,,,,,,,,,,,,,,,,,,,,,,,,,,,
,Thermosalient,Uddin,2024,Thermosalient,Thermal,Irreversible,Dynamic Fracture,,,,,,,,,,,,,,,,,,,,,,,,,,,,,,,,,,,,,,,,,,,,,,,,,,,,,,,,,,,,,,,,,,,,,,,,,,,,,,,,,,,,,,,,,,,,,,,,
,Photosalient,Nagi,2021,Photosalient,,Irreversible,Dynamic Fracture,,Diarylethene,1o,1c,,,,,,,,,,,,,,,,,,,,,,,,,,,,,,,,,,,,,,,,,,,,,,,,,,,,,,,,,,,,,,,,,,,,,,,,,,,,,,,,,,,,,,,,,,,,
